﻿<parameters>
  <parameter name="IIS Web Application Name" defaultValue="Default Web Site/BILP500PA_deploy" tags="IisApp">
    <parameterEntry kind="ProviderPath" scope="IisApp" match="^C:\\ARCHIVOS\\PROYECTOS\\ERP-EXTRALX\\BILP500PA\\obj\\Debug\\Package\\PackageTmp$" />
    <parameterEntry kind="ProviderPath" scope="setAcl" match="^C:\\ARCHIVOS\\PROYECTOS\\ERP-EXTRALX\\BILP500PA\\obj\\Debug\\Package\\PackageTmp$" />
  </parameter>
  <parameter name="BILP500PAcs-Web.config Connection String" description="BILP500PAcs Connection String used in web.config by the application to access the database." defaultValue="Driver={iSeries Access ODBC Driver};system=APPN.COLOMBIA;uid=CONEXION;pwd=CONEXION01;dbq=PANLX834F;dftpkglib=QGPL;languageid=ENU;pkg=QGPL/DEFAULT(IBM),2,0,1,0,512;desc=ERP LX834 Bib. Principal;cmt=0;translate=1;querytimeout=0" tags="SqlConnectionString">
    <parameterEntry kind="XmlFile" scope="C:\\ARCHIVOS\\PROYECTOS\\ERP-EXTRALX\\BILP500PA\\obj\\Debug\\Package\\PackageTmp\\Web\.config$" match="/configuration/connectionStrings/add[@name='BILP500PAcs']/@connectionString" />
  </parameter>
  <parameter name="BILP500PAcsWriter-Web.config Connection String" description="BILP500PAcsWriter Connection String used in web.config by the application to access the database." defaultValue="Driver={iSeries Access ODBC Driver};system=APPN.COLOMBIA;uid=CONEXION;pwd=CONEXION01;dbq=PANLX834F;dftpkglib=QGPL;languageid=ENU;pkg=QGPL/DEFAULT(IBM),2,0,1,0,512;desc=ERP LX834 Bib. Principal;cmt=0;translate=1;querytimeout=0" tags="SqlConnectionString">
    <parameterEntry kind="XmlFile" scope="C:\\ARCHIVOS\\PROYECTOS\\ERP-EXTRALX\\BILP500PA\\obj\\Debug\\Package\\PackageTmp\\Web\.config$" match="/configuration/connectionStrings/add[@name='BILP500PAcsWriter']/@connectionString" />
  </parameter>
</parameters>